Transaction Date,Posted Date,Card No.,Description,Category,Debit,Credit
2023-12-30,2023-12-30,7885,WORLDOFRACING,Entertainment,283.59,
2023-12-28,2023-12-30,7885,TST* EM 7 GRAMS TUSTIN,Dining,57.53,
2023-12-28,2023-12-29,7885,SQ *AIROMA CAFE,Dining,13.35,
2023-12-23,2023-12-28,7885,Returned Mobile ACH Payme,Other,309.00,
2023-12-28,2023-12-28,7885,LULULEMONCOM*,Merchandise,137.92,
2023-12-25,2023-12-26,7885,UBER   *NanShanTieB,Dining,16.03,
2023-12-24,2023-12-26,7885,STARBUCKS 800-782-7282,Dining,4.95,
2023-12-23,2023-12-23,7885,CAPITAL ONE MOBILE PYMT,Payment/Credit,,309.00
2023-12-21,2023-12-23,7885,FTB CAFETERIA,Dining,9.75,
2023-12-20,2023-12-22,7885,AMAZON.CO.JP,Merchandise,28.09,
2023-12-20,2023-12-20,7885,Amazon.com Payments,Other,447.42,
2023-12-16,2023-12-20,7885,J LANG,Other,14.00,
2023-12-13,2023-12-14,7885,UBER   *SiWeiPiaoXi,Dining,6.93,
2023-12-02,2023-12-12,7885,UBER ONE STMT CRED 7885,Other Travel,,9.99
2023-12-07,2023-12-07,7885,CAPITAL ONE AUTOPAY PYMT,Payment/Credit,,9.99
2023-12-05,2023-12-05,7885,CREDIT-REWARD REDEMPTION,Payment/Credit,,9.59
2023-12-02,2023-12-04,7885,PINEOMINE,Merchandise,9.59,
2023-12-02,2023-12-02,7885,UBER   ONE,Other Travel,9.99,
2023-11-28,2023-11-28,7885,CREDIT-CASH BACK REWARD,Payment/Credit,,0.25
2023-11-26,2023-11-27,7885,CAPITAL ONE MOBILE PYMT,Payment/Credit,,809.05
2023-11-26,2023-11-27,7885,FASTRAK CSC,Gas/Automotive,25.00,
2023-11-24,2023-11-27,7885,STARBUCKS 800-782-7282,Dining,0.25,
2023-11-21,2023-11-22,7885,Amazon Prime*4C8TS36X3,Other Services,15.74,
2023-11-20,2023-11-21,7885,AMZN Mktp US*Y20199BH3,Merchandise,16.72,
2023-11-18,2023-11-20,7885,CITY OF SM PARKPAYBYPH,Other Services,1.25,
2023-11-19,2023-11-20,7885,ANOTHER PLANET,Merchandise,203.13,
2023-11-18,2023-11-20,7885,UBER   *DaHanSiChu,Dining,10.10,
2023-11-15,2023-11-16,7885,SOUTHPAW SUSHI,Dining,119.40,
2023-11-02,2023-11-13,7885,UBER ONE STMT CRED 7885,Other Travel,,9.99
2023-11-07,2023-11-13,7885,FTB CAFETERIA,Dining,6.75,
2023-11-09,2023-11-10,7885,BYT*SACRT,Other Travel,2.50,
2023-11-07,2023-11-09,7885,Returned ACH Card Payment,Other,141.07,
2023-11-08,2023-11-09,7885,PANDA EXPRESS #3447,Dining,8.84,
2023-11-07,2023-11-09,7885,TOPGOLF ROSEVILLE 028-,Dining,46.63,
2023-11-07,2023-11-08,7885,BURGER KING #10835 Q07,Dining,15.29,
2023-11-07,2023-11-07,7885,CAPITAL ONE AUTOPAY PYMT,Payment/Credit,,141.07
2023-11-06,2023-11-07,7885,AMZN Mktp US*KB0XT4803,Merchandise,43.07,
2023-11-05,2023-11-06,7885,WORTON'S MARKET,Merchandise,24.26,
2023-11-04,2023-11-06,7885,AUTOZONE #5546,Gas/Automotive,37.51,
2023-11-04,2023-11-06,7885,FAST TRACK HOBBIES,Merchandise,15.57,
2023-11-05,2023-11-06,7885,UBER   *MuWeiErBei,Dining,3.43,
2023-11-04,2023-11-06,7885,CRACKERBARREL 756 ROCK,Dining,63.84,
2023-11-04,2023-11-06,7885,RUBIO'S #088,Dining,18.94,
2023-11-04,2023-11-04,7885,CAPITAL ONE MOBILE PYMT,Payment/Credit,,32.06
2023-11-04,2023-11-04,7885,CAPITAL ONE MOBILE PYMT,Payment/Credit,,83.89
2023-11-03,2023-11-04,7885,PANDA EXPRESS #3447,Dining,8.84,
2023-11-04,2023-11-04,7885,McDonalds 33506,Dining,7.54,
2023-11-02,2023-11-03,7885,ONLYFANS.COM*A,Other,29.44,
2023-11-02,2023-11-03,7885,ONLYFANS.COM*A,Other,3.75,
2023-11-02,2023-11-03,7885,ONLYFANS.COM*A,Other,7.50,
2023-11-02,2023-11-03,7885,Subway 29406,Dining,16.08,
2023-11-02,2023-11-02,7885,CREDIT-CASH BACK REWARD,Payment/Credit,,461.25
2023-11-02,2023-11-02,7885,UBER   ONE,Other Travel,9.99,
2023-11-02,2023-11-02,7885,CAPITAL ONE MOBILE PYMT,Payment/Credit,,419.54
2023-10-31,2023-11-02,7885,FTB CAFETERIA,Dining,8.90,
2023-10-31,2023-11-02,7885,TOPGOLF ROSEVILLE 028-,Dining,69.67,
2023-10-31,2023-11-01,7885,UBER   *XiaoTangNai,Dining,7.89,
2023-10-28,2023-10-31,7885,HIDDEN DUMPLING HOUSE,Dining,122.14,
2023-10-30,2023-10-31,7885,COLDSTONE #20168,Dining,7.58,
2023-10-26,2023-10-31,7885,FTB CAFETERIA,Dining,6.70,
2023-10-29,2023-10-30,7885,SARI SARI ORIENTAL MAR,Merchandise,3.88,
2023-10-29,2023-10-30,7885,CALIFORNIA STATE FAIR,Other Services,13.00,
2023-10-28,2023-10-30,7885,UNCLE SHARKII POKE PAR,Dining,18.58,
2023-10-28,2023-10-30,7885,SQ *EXHALE HOOKAH LOUN,Other Services,44.15,
2023-10-28,2023-10-30,7885,SQ *NITTY'S CIDER,Merchandise,24.38,
2023-10-27,2023-10-28,7885,UBER EATS,Dining,9.13,
2023-10-24,2023-10-26,7885,CHEAPER CIGARETTE STOR,Merchandise,30.50,
2023-10-24,2023-10-26,7885,TACO BELL 23159,Dining,11.06,
2023-10-24,2023-10-26,7885,TOPGOLF ROSEVILLE 028-,Dining,41.16,
2023-10-22,2023-10-24,7885,TASTY POT LLC,Dining,43.47,
2023-10-23,2023-10-24,7885,UBER   EATS,Dining,48.57,
2023-10-22,2023-10-23,7885,TARGET        00015024,Merchandise,14.00,
2023-10-21,2023-10-23,7885,NEW O TASTY MONGOLIAN,Dining,17.55,
2023-10-21,2023-10-23,7885,GOLDEN KOI BUFFET ROSE,Dining,118.47,
2023-10-21,2023-10-23,7885,ASI AQUATIC CENTER,Other,22.50,
2023-10-21,2023-10-23,7885,020 FBV STUDIO MOVIE G,Dining,100.00,
2023-10-21,2023-10-23,7885,SAMS CLUB #6621,Merchandise,12.91,
2023-10-21,2023-10-23,7885,Amazon Prime*0N3833CF3,Other Services,15.74,
2023-10-20,2023-10-21,7885,020WEB STUDIO MOVIE GR,Entertainment,16.70,
2023-10-19,2023-10-21,7885,PLATINUM WINE LOUNGE,Dining,84.62,
2023-10-19,2023-10-20,7885,KRISPY KREME #9050,Dining,35.98,
2023-10-19,2023-10-19,7885,CAPITAL ONE MOBILE PYMT,Payment/Credit,,419.54
2023-10-18,2023-10-19,7885,THE CURRY LEAVES,Dining,93.17,
2023-10-18,2023-10-19,7885,RAISING CANES 0569,Dining,12.27,
2023-10-17,2023-10-18,7885,KP INTERNATIONAL MARKE,Merchandise,31.41,
2023-10-15,2023-10-17,7885,HAPPY LAMB HOT POT,Dining,145.80,
2023-10-17,2023-10-17,7885,CAPITAL ONE MOBILE PYMT,Payment/Credit,,295.02
2023-10-15,2023-10-16,7885,MOANING CAVERNS ADVENT,Entertainment,14.99,
2023-10-15,2023-10-16,7885,MOANING CAVERNS ADVENT,Entertainment,92.00,
2023-10-15,2023-10-16,7885,MATELOT GULCH MINING C,Merchandise,45.00,
2023-10-15,2023-10-16,7885,FALLON HOUSE ICE CREAM,Dining,21.00,
2023-10-14,2023-10-16,7885,CURRY VILLAGE GROCERY,Merchandise,11.76,
2023-10-14,2023-10-16,7885,SAFEWAY #3127,Merchandise,71.54,
2023-10-14,2023-10-16,7885,CHEVRON 0092672,Gas/Automotive,6.31,
2023-10-13,2023-10-14,7885,THE FOAT,Other Services,27.23,
2023-10-13,2023-10-14,7885,AMZN Mktp US*TP3555T42,Merchandise,20.26,
2023-10-13,2023-10-13,7885,INTEREST CHARGE:PURCHASES,Fee/Interest Charge,3.20,
2023-10-13,2023-10-13,7885,CAPITAL ONE MOBILE PYMT,Payment/Credit,,346.54
2023-10-12,2023-10-13,7885,FTB CAFETERIA,Dining,4.75,
2023-10-02,2023-10-12,7885,UBER ONE STMT CRED 7885,Other Travel,,9.99
2023-10-11,2023-10-12,7885,CONSOLIDATED COMMUNICA,Phone/Cable,75.62,
2023-10-12,2023-10-12,7885,AMZN Mktp US*TP1WS5Z80,Merchandise,194.48,
2023-10-12,2023-10-12,7885,AIRBNB  HM4NJE392R,Other Travel,182.87,
2023-10-10,2023-10-12,7885,FTB CAFETERIA,Dining,6.95,
2023-10-10,2023-10-12,7885,TOPGOLF ROSEVILLE 028-,Dining,38.16,
2023-10-10,2023-10-11,7885,CONSOLIDATED COMMUNICA,Phone/Cable,75.62,
2023-10-11,2023-10-11,7885,CAPITAL ONE MOBILE PYMT,Payment/Credit,,212.18
2023-10-09,2023-10-11,7885,DEL TACO 1359,Dining,2.14,
2023-10-08,2023-10-10,7885,AUTOZONE #3716,Gas/Automotive,21.54,
2023-10-08,2023-10-09,7885,PANDA EXPRESS #3447,Dining,8.84,
2023-10-08,2023-10-09,7885,NUGGET MARKET #10,Merchandise,8.17,
2023-10-09,2023-10-09,7885,UBER   EATS,Dining,54.63,
2023-10-08,2023-10-09,7885,TST* LEATHERBYS FAMILY,Dining,25.03,
2023-10-07,2023-10-09,7885,STARBUCKS 800-782-7282,Dining,10.90,
2023-10-07,2023-10-09,7885,TST* Slough House Soci,Dining,60.65,
2023-10-06,2023-10-09,7885,NUGGET MARKET #10,Merchandise,10.58,
2023-10-07,2023-10-07,7885,CAPITAL ONE AUTOPAY PYMT,Payment/Credit,,45.28
2023-10-05,2023-10-07,7885,SAFEWAY #2620,Merchandise,11.84,
2023-10-05,2023-10-05,7885,CAPITAL ONE MOBILE PYMT,Payment/Credit,,1382.97
2023-10-03,2023-10-05,7885,TOPGOLF ROSEVILLE 028-,Dining,45.28,
2023-10-03,2023-10-04,7885,KP INTERNATIONAL MARKE,Merchandise,58.69,
2023-10-03,2023-10-04,7885,FTB CAFETERIA,Dining,7.75,
2023-10-01,2023-10-03,7885,TOMATINA ROSEVILLE,Dining,58.17,
2023-10-01,2023-10-02,7885,DAIRY QUEEN #13840,Dining,6.18,
2023-10-02,2023-10-02,7885,UBER   ONE,Other Travel,9.99,
2023-09-30,2023-10-02,7885,TST* Lotus Pho - South,Dining,91.80,
2023-10-01,2023-10-02,7885,COLDSTONE 20439,Dining,29.07,
2023-09-30,2023-10-02,7885,SHELL OIL 57443475405,Gas/Automotive,2.39,
2023-09-29,2023-09-30,7885,99 RANCH #1686,Merchandise,125.51,
2023-09-29,2023-09-30,7885,NUGGET MARKET #10,Merchandise,39.68,
2023-09-28,2023-09-30,7885,CHEAPER CIGARETTE STOR,Merchandise,25.50,
2023-09-29,2023-09-30,7885,WAL-MART #1988,Merchandise,43.35,
2023-09-24,2023-09-27,7885,AUTOZONE #3716,Gas/Automotive,,56.55
2023-09-25,2023-09-26,7885,UBER   *LeZhiBenWei,Dining,4.83,
2023-09-24,2023-09-26,7885,MOON TEA LLC,Dining,8.93,
2023-09-24,2023-09-26,7885,AUTOZONE #3716,Gas/Automotive,9.67,
2023-09-24,2023-09-26,7885,AUTOZONE #3716,Gas/Automotive,87.78,
2023-09-23,2023-09-25,7885,AUTOZONE #3716,Gas/Automotive,185.89,
2023-09-23,2023-09-25,7885,AUTOZONE #3716,Gas/Automotive,39.84,
2023-09-24,2023-09-25,7885,UBER   *ShuangYueShi,Dining,18.14,
2023-09-24,2023-09-25,7885,UBER   *Jing Ding Lou,Dining,16.80,
2023-09-24,2023-09-25,7885,UBER   *QuanLianFuL,Merchandise,6.95,
2023-09-23,2023-09-25,7885,MENDOCINO FARMS #23,Dining,15.44,
2023-09-24,2023-09-25,7885,AMZN Mktp US*T195D9D12,Merchandise,344.71,
2023-09-23,2023-09-25,7885,CHIPOTLE 3437,Dining,18.95,
2023-09-23,2023-09-25,7885,APPLEBEES ROCK14400352,Dining,79.54,
2023-09-23,2023-09-23,7885,CINEMARK THEATRES 1160,Entertainment,44.25,
2023-09-23,2023-09-23,7885,CINEMARK THEATRES 1160,Entertainment,11.20,
2023-09-21,2023-09-22,7885,Amazon Prime*TX5L745B1,Other Services,15.74,
2023-09-19,2023-09-21,7885,TOPGOLF ROSEVILLE 028-,Dining,64.82,
2023-09-19,2023-09-20,7885,KRISPY KREME #9050,Dining,9.16,
2023-09-19,2023-09-20,7885,Subway 29406,Dining,9.99,
2023-09-18,2023-09-19,7885,RAISING CANES 0569,Dining,10.55,
2023-09-17,2023-09-18,7885,CENTURY THEATRES 1012,Entertainment,11.60,
2023-09-17,2023-09-18,7885,CENTURY THEATRES 1012,Entertainment,27.50,
2023-09-15,2023-09-16,7885,SQ *BOBER TEA & COFFEE,Dining,6.90,
2023-09-15,2023-09-16,7885,BEST BUY      00001297,Merchandise,,107.74
2023-09-15,2023-09-15,7885,CAPITAL ONE MOBILE PYMT,Payment/Credit,,2886.76
2023-09-13,2023-09-13,7885,CAPITAL ONE MOBILE PYMT,Payment/Credit,,104.00
2023-09-12,2023-09-12,7885,INTEREST CHARGE:PURCHASES,Fee/Interest Charge,41.77,
2023-09-02,2023-09-12,7885,UBER ONE STMT CRED 7885,Other Travel,,9.99
2023-09-09,2023-09-11,7885,CITYOFSAC_IPS_PKGMETER,Gas/Automotive,6.50,
2023-09-09,2023-09-11,7885,TST* TEASPOON - ROSEVI,Dining,26.29,
2023-09-07,2023-09-07,7885,CAPITAL ONE AUTOPAY PYMT,Payment/Credit,,55.00
2023-09-04,2023-09-07,7885,IHOP #1716,Dining,41.23,
2023-09-05,2023-09-06,7885,TST* THE GROVE COFFEE,Dining,13.75,
2023-09-03,2023-09-05,7885,TASTY POT LLC,Dining,107.65,
2023-09-03,2023-09-05,7885,TST* Grid Bar & Grill,Dining,81.54,
2023-09-01,2023-09-04,7885,SAFEWAY #2620,Merchandise,24.76,
2023-09-02,2023-09-04,7885,CHEVRON 0092139,Gas/Automotive,6.08,
2023-09-02,2023-09-02,7885,UBER   PASS,Other Travel,9.99,
2023-09-01,2023-09-02,7885,BEST BUY      00001297,Merchandise,107.74,
2023-08-31,2023-09-01,7885,WAL-MART #3587,Merchandise,57.43,
2023-08-30,2023-09-01,7885,PHO HOT,Dining,21.24,
2023-08-30,2023-09-01,7885,SAFEWAY #2620,Merchandise,66.34,
2023-08-30,2023-08-31,7885,PEETS #34902,Dining,5.70,
2023-08-29,2023-08-31,7885,TST* Bullta Korean BBQ,Dining,212.10,
2023-08-22,2023-08-22,7885,Amazon Prime*TQ3J15MX0,Other Services,16.30,
2023-08-12,2023-08-12,7885,INTEREST CHARGE:PURCHASES,Fee/Interest Charge,33.06,
2023-08-02,2023-08-12,7885,UBER ONE STMT CRED 7885,Other Travel,,9.99
2023-08-07,2023-08-07,7885,CAPITAL ONE AUTOPAY PYMT,Payment/Credit,,25.00
2023-08-02,2023-08-02,7885,UBER   PASS,Other Travel,9.99,
2023-07-30,2023-08-01,7885,LAWSON,Merchandise,2.62,
2023-07-27,2023-08-01,7885,HAKATAMOTSUNABE IPPACH,Dining,61.65,
2023-07-30,2023-08-01,7885,NISSAN RENTACAR,Car Rental,46.89,
2023-07-29,2023-07-31,7885,PO-RABIJIYUTSUKAN KAFU,Entertainment,11.56,
2023-07-29,2023-07-31,7885,HAKONE YUTOWA,Lodging,143.06,
2023-07-29,2023-07-31,7885,NISSAN RENTACAR,Car Rental,87.42,
2023-07-28,2023-07-31,7885,JR CENTRAL,Other Travel,49.51,
2023-07-25,2023-07-26,7885,PARCHMENT-UNIV DOCS,Internet,11.00,
2023-07-23,2023-07-26,7885,TEAMLAB PLANETS TOKYO,Merchandise,54.38,
2023-07-23,2023-07-26,7885,ONLINETICKETSTORE WEBK,Entertainment,31.48,
2023-07-22,2023-07-24,7885,CONSOLIDATED COMMUNICA,Phone/Cable,78.12,
2023-07-22,2023-07-22,7885,Amazon Prime*W89V35OT3,Other Services,16.30,
2023-07-13,2023-07-14,7885,CHEVRON 0090154,Gas/Automotive,2.79,
2023-07-12,2023-07-13,7885,SQ *TENORI,Dining,5.35,
2023-07-02,2023-07-12,7885,UBER ONE STMT CRED 7885,Other Travel,,9.99
2023-07-10,2023-07-12,7885,TRAVEL + WELL,Merchandise,4.84,
2023-07-10,2023-07-12,7885,IHOP #3547,Dining,17.07,
2023-07-10,2023-07-11,7885,CONSOLIDATED COMMUNICA,Phone/Cable,20.80,
2023-07-11,2023-07-11,7885,AMZN Mktp US*R59ZN1OV3,Merchandise,7.52,
2023-07-09,2023-07-11,7885,CURRY VILLAGE GROCERY,Merchandise,26.88,
2023-07-09,2023-07-11,7885,VONS #2409,Merchandise,44.76,
2023-07-08,2023-07-10,7885,CURRY VILLAGE GROCERY,Merchandise,14.79,
2023-07-08,2023-07-10,7885,76 - SEI 37940,Gas/Automotive,48.20,
2023-07-08,2023-07-10,7885,76 - SEI 37940,Gas/Automotive,17.56,
2023-07-08,2023-07-10,7885,SHELL OIL 10008184003,Gas/Automotive,62.60,
2023-07-08,2023-07-10,7885,VONS #2409,Merchandise,22.97,
2023-07-08,2023-07-10,7885,MCDONALD'S F13464,Dining,20.00,
2023-07-08,2023-07-10,7885,YOSEMITE NP,Other Services,35.00,
2023-07-07,2023-07-10,7885,TACO BELL 17468,Dining,10.74,
2023-07-07,2023-07-08,7885,ASI AQUATIC CENTER,Other,26.25,
2023-07-08,2023-07-08,7885,WEST WIND DRIVE-INS,Entertainment,20.50,
2023-07-06,2023-07-07,7885,PANDA EXPRESS #1894,Dining,8.92,
2023-07-05,2023-07-06,7885,WETZEL'S PRETZELS ROSE,Dining,7.42,
2023-07-05,2023-07-06,7885,PANDA EXPRESS #1719,Dining,9.27,
2023-07-04,2023-07-05,7885,SQ *YFC FIREWORKS,Merchandise,37.70,
2023-07-03,2023-07-05,7885,U-HAUL AT 65TH ST,Car Rental,99.91,
2023-07-03,2023-07-05,7885,ARCO#8382710 G INC QPS,Gas/Automotive,15.52,
2023-07-02,2023-07-04,7885,YD KOREAN RESTAURANT,Dining,51.94,
2023-07-02,2023-07-03,7885,TAI WAN HU HANG KU FEN,Airfare,347.11,
2023-07-03,2023-07-03,7885,CHEVRON 0090812,Gas/Automotive,73.63,
2023-07-02,2023-07-03,7885,UBER   PASS,Other Travel,9.99,
2023-07-01,2023-07-03,7885,TARGET        00024927,Merchandise,8.84,
2023-06-30,2023-07-03,7885,IN N OUT BURGER 276,Dining,13.25,
2023-06-30,2023-07-01,7885,CSUSAC,Other,12.32,
2023-06-29,2023-06-30,7885,SQ *YUME GELATO,Merchandise,12.94,
2023-06-28,2023-06-30,7885,AMK CSU SACST SBUCKS U,Dining,3.95,
2023-06-29,2023-06-29,7885,UBER   EATS,Dining,57.53,
2023-06-27,2023-06-29,7885,TRIPLA,Merchandise,430.97,
2023-06-28,2023-06-29,7885,FOODPAN*cheng hsin o j,Dining,7.45,
2023-06-28,2023-06-28,7885,CAPITAL ONE MOBILE PYMT,Payment/Credit,,509.39
2023-06-26,2023-06-27,7885,AMZN Mktp US*ES9746MR3,Merchandise,26.09,
2023-06-25,2023-06-26,7885,SQ *BLUESTONE MEADOW,Merchandise,30.00,
2023-06-23,2023-06-26,7885,HAPPY LAMB HOT POT,Dining,73.69,
2023-06-24,2023-06-26,7885,SQ *OLD COYOTE,Dining,10.00,
2023-06-25,2023-06-26,7885,SQ *NITTY'S CIDER,Merchandise,14.40,
2023-06-24,2023-06-26,7885,BELLROY OPERATIONS (AM,Merchandise,42.32,
2023-06-23,2023-06-24,7885,99 RANCH #1776,Merchandise,89.42,
2023-06-22,2023-06-23,7885,TARGET        00024927,Merchandise,25.21,
2023-06-22,2023-06-23,7885,TST* RICK'S DESSERT DI,Dining,33.08,
2023-06-22,2023-06-22,7885,CAPITAL ONE MOBILE PYMT,Payment/Credit,,787.83
2023-06-21,2023-06-22,7885,THE STORE@UU #1125,Merchandise,3.30,
2023-06-22,2023-06-22,7885,Amazon Prime*WU3WI6613,Other Services,16.30,
2023-06-20,2023-06-22,7885,OTO S MARKETPLACE,Merchandise,145.58,
2023-06-17,2023-06-19,7885,76 - GAWFCO,Gas/Automotive,47.70,
2023-06-16,2023-06-17,7885,AMK CSU SACST GOOD EAT,Dining,7.69,
2023-06-16,2023-06-17,7885,NUGGET MARKET #10,Merchandise,21.97,
2023-06-15,2023-06-16,7885,AMZN Mktp US*1M1QX83P3,Merchandise,26.09,
2023-06-14,2023-06-15,7885,PUNCH LINE SACRAMENTO,Dining,16.96,
2023-06-13,2023-06-14,7885,THE HORNET BOOKSTORE #,Merchandise,4.12,
2023-06-11,2023-06-13,7885,TST* Estelle Bakery &,Dining,4.50,
2023-06-02,2023-06-12,7885,UBER ONE STMT CRED 7885,Other Travel,,9.99
2023-06-11,2023-06-12,7885,WEB TOWER THEATER,Entertainment,27.98,
2023-06-10,2023-06-12,7885,TOWER CAFE,Dining,81.75,
2023-06-11,2023-06-12,7885,SQ *KURA REVOLVING SUS,Dining,152.52,
2023-06-11,2023-06-12,7885,SQ *SOMISOMI,Merchandise,18.19,
2023-06-10,2023-06-12,7885,CSUSAC,Other,8.21,
2023-06-08,2023-06-12,7885,AFM ROUTE #01,Merchandise,,50.00
2023-06-09,2023-06-10,7885,AMK CSU SACST GOOD EAT,Dining,8.99,
2023-06-09,2023-06-10,7885,TARGET        00024927,Merchandise,3.25,
2023-06-07,2023-06-09,7885,Returned ACH Card Payment,Other,719.04,
2023-06-08,2023-06-09,7885,KP INTERNATIONAL MARKE,Merchandise,48.24,
2023-06-07,2023-06-08,7885,PANDA EXPRESS #1894,Dining,8.48,
2023-06-07,2023-06-08,7885,AMK CSU SACST SBUCKS U,Dining,4.75,
2023-06-07,2023-06-07,7885,CAPITAL ONE AUTOPAY PYMT,Payment/Credit,,719.04
2023-06-06,2023-06-07,7885,AMK CSU SACST GOOD EAT,Dining,9.64,
2023-06-07,2023-06-07,7885,CAPITAL ONE MOBILE PYMT,Payment/Credit,,517.01
2023-06-05,2023-06-07,7885,CHICK-FIL-A #03446,Dining,35.59,
2023-05-03,2023-06-06,7885,UBER ONE STMT CRED 7885,Other Travel,,9.99
2023-06-05,2023-06-06,7885,ASI AQUATIC CENTER,Other,30.00,
2023-06-06,2023-06-06,7885,GOOGLE *Google Photos,Merchandise,13.85,
2023-06-05,2023-06-06,7885,STAPLES       00108878,Merchandise,2.83,
2023-06-05,2023-06-06,7885,76 - GAWFCO,Gas/Automotive,72.48,
2023-06-04,2023-06-05,7885,MCDONALD'S F773,Dining,20.42,
2023-06-04,2023-06-05,7885,UBER   *ChunShuiTang,Dining,0.82,
2023-06-04,2023-06-05,7885,UBER   *ChunShuiTang,Dining,17.96,
2023-06-03,2023-06-05,7885,U-HAULSECURITY PUBLIC,Car Rental,127.62,
2023-06-03,2023-06-05,7885,ARCO#8382710 G INC QPS,Gas/Automotive,37.94,
2023-06-03,2023-06-05,7885,SAFEWAY #2620,Merchandise,58.38,
2023-06-03,2023-06-05,7885,CHEVRON 0208066,Gas/Automotive,85.81,
2023-06-02,2023-06-03,7885,PANDA EXPRESS #1894,Dining,10.11,
2023-06-03,2023-06-03,7885,AWL*PEARSON EDUCATION,Other,79.99,
2023-06-03,2023-06-03,7885,AMZN Mktp US*3X8HD8HZ3,Merchandise,21.74,
2023-06-01,2023-06-02,7885,AMK CSU SACST GOOD EAT,Dining,7.69,
2023-06-01,2023-06-02,7885,AAA SAC UNIV VILLAGE,Insurance,41.75,
2023-06-02,2023-06-02,7885,UBER   PASS,Other Travel,9.99,
2023-06-01,2023-06-02,7885,CSUSAC,Other,12.32,
2023-05-31,2023-06-01,7885,AMK CSU SACST GOOD EAT,Dining,7.69,
2023-05-31,2023-06-01,7885,NUGGET MARKET #10,Merchandise,16.33,
2023-05-31,2023-06-01,7885,CSUSAC,Other,44.14,
2023-05-31,2023-06-01,7885,CSUSAC,Other,8.21,
2023-05-31,2023-05-31,7885,CAPITAL ONE MOBILE PYMT,Payment/Credit,,1258.42
2023-05-29,2023-05-31,7885,STARBUCKS STORE 52259,Dining,5.25,
2023-05-30,2023-05-30,7885,CHEVRON 0308228,Gas/Automotive,30.00,
2023-05-28,2023-05-30,7885,ISSE,Dining,74.88,
2023-05-28,2023-05-29,7885,TMB OIL CO #1,Gas/Automotive,69.92,
2023-05-28,2023-05-29,7885,LEMONADE I* LEMONADE I,Insurance,230.00,
2023-05-27,2023-05-29,7885,7 LEAVES BRISTOL EST 8,Dining,6.27,
2023-05-26,2023-05-27,7885,MEET FRESH WESTMINSTER,Dining,18.49,
2023-05-26,2023-05-27,7885,CHATGPT SUBSCRIPTION,Merchandise,20.00,
2023-05-24,2023-05-26,7885,HAMMER/I-5 INVESTMENTS,Gas/Automotive,32.69,
2023-05-24,2023-05-26,7885,HAMMER/I-5 INVESTMENTS,Gas/Automotive,2.78,
2023-05-23,2023-05-25,7885,HAPPY LAMB HOT POT,Dining,129.58,
2023-05-24,2023-05-25,7885,GOOGLE *Google Photos,Merchandise,4.29,
2023-05-23,2023-05-24,7885,SQ *FALLING PRICES ARD,Merchandise,19.40,
2023-05-22,2023-05-24,7885,U-HAUL AT 65TH ST,Car Rental,68.01,
2023-05-22,2023-05-24,7885,SOUTHWES  5262456988776,Airfare,133.98,
2023-05-22,2023-05-23,7885,PANERA BREAD #202200,Dining,28.30,
2023-05-22,2023-05-23,7885,76 - GAWFCO,Gas/Automotive,9.44,
2023-05-21,2023-05-23,7885,82477 - 555 CAPITOL MA,Gas/Automotive,25.00,
2023-05-21,2023-05-23,7885,TST* Bullta Korean BBQ,Dining,339.56,
2023-05-22,2023-05-22,7885,CAPITAL ONE MOBILE PYMT,Payment/Credit,,969.54
2023-05-22,2023-05-22,7885,Amazon Prime*8L3LB0AQ3,Other Services,8.15,
2023-05-20,2023-05-22,7885,PALLADIO LUXE CINEMA,Entertainment,36.79,
2023-05-20,2023-05-22,7885,PALLADIO LUXE CINEMA,Entertainment,75.77,
2023-05-19,2023-05-20,7885,CHIPOTLE 2158,Dining,31.70,
2023-05-19,2023-05-20,7885,GAMESTOP #3576,Entertainment,76.11,
2023-05-19,2023-05-20,7885,CSUSAC,Other,8.21,
2023-05-18,2023-05-20,7885,ROUND TABLE PIZZA 1280,Dining,17.61,
2023-05-19,2023-05-19,7885,CAPITAL ONE MOBILE PYMT,Payment/Credit,,1000.00
2023-05-17,2023-05-18,7885,ONO-225 (SACRAMENTO# 2,Dining,52.35,
2023-05-16,2023-05-17,7885,ASI STUDENT SHOP,Other,43.23,
2023-05-16,2023-05-17,7885,AMK CSU SACST GRUMPY M,Dining,7.68,
2023-05-16,2023-05-17,7885,PAPA MURPHY'S CA164,Dining,22.48,
2023-05-14,2023-05-17,7885,NEWSPICKS,Merchandise,13.77,
2023-05-15,2023-05-17,7885,STARBUCKS STORE 49303,Dining,5.75,
2023-05-16,2023-05-16,7885,UBER   EATS,Dining,30.87,
2023-05-16,2023-05-16,7885,UBER   EATS,Dining,26.74,
2023-05-12,2023-05-15,7885,BLUE HOUSE KOREAN BBQ,Dining,210.99,
2023-05-14,2023-05-15,7885,ZG * RENTAPPLICATION,Other Services,35.00,
2023-05-14,2023-05-15,7885,SQ *18 GRAMS COFFEE RO,Dining,6.00,
2023-05-13,2023-05-15,7885,MADISON SERVICE OIL,Gas/Automotive,62.63,
2023-05-13,2023-05-15,7885,ARBY'S 5771,Dining,31.76,
2023-05-12,2023-05-13,7885,CSUSAC,Other,12.32,
2023-05-11,2023-05-12,7885,SQ *YUME GELATO,Merchandise,26.08,
2023-05-11,2023-05-12,7885,SQ *YUME GELATO,Merchandise,14.14,
2023-05-10,2023-05-11,7885,AMK CSU SACST SBUCKS U,Dining,10.70,
2023-05-09,2023-05-11,7885,AMK CSU SACST GRUMPY M,Dining,10.08,
2023-05-07,2023-05-10,7885,Returned ACH Card Payment,Other,1466.07,
2023-05-09,2023-05-09,7885,Amazon.com*AZ4ER9HV3,Merchandise,30.44,
2023-05-07,2023-05-08,7885,CAPITAL ONE AUTOPAY PYMT,Payment/Credit,,1466.07
2023-05-07,2023-05-08,7885,CHIPOTLE 2158,Dining,16.55,
2023-05-07,2023-05-08,7885,CAPITAL ONE MOBILE PYMT,Payment/Credit,,432.60
2023-05-06,2023-05-08,7885,RIVERS EDGE CAFE,Dining,58.60,
2023-05-07,2023-05-08,7885,CENTURY THEATRES 1137,Entertainment,29.00,
2023-05-07,2023-05-08,7885,CENTURY THEATRES 1137,Entertainment,4.65,
2023-05-06,2023-05-08,7885,SQ *18 GRAMS COFFEE RO,Dining,12.00,
2023-05-05,2023-05-06,7885,MCDONALD'S F12828,Dining,6.46,
2023-05-05,2023-05-06,7885,AMZN MKTP US*140ZH4RV3,Merchandise,9.78,
2023-05-05,2023-05-06,7885,AMZN Mktp US*QQ6B06CF3,Merchandise,12.39,
2023-04-02,2023-05-05,7885,UBER ONE STMT CRED 7885,Other Travel,,9.99
2023-05-04,2023-05-05,7885,PP*DUTCHBROSLL,Dining,6.65,
2023-05-05,2023-05-05,7885,CAPITAL ONE MOBILE PYMT,Payment/Credit,,1060.00
2023-04-02,2023-05-04,7885,UBER ONE STMT CRED 7885,Other Travel,,9.99
2023-05-02,2023-05-03,7885,AMK CSU SACST SBUCKS U,Dining,5.25,
2023-05-03,2023-05-03,7885,UBER   PASS,Other Travel,9.99,
2023-05-02,2023-05-02,7885,CAPITAL ONE MOBILE PYMT,Payment/Credit,,466.62
2023-04-29,2023-05-01,7885,3520 EL POLLO LOCO,Dining,12.38,
2023-04-29,2023-05-01,7885,ZIPAIR    000000000MY4TVR,Airfare,1054.50,
2023-04-28,2023-04-29,7885,KP INTERNATIONAL MARKE,Merchandise,100.68,
2023-04-28,2023-04-29,7885,99 RANCH #1776,Merchandise,8.05,
2023-04-28,2023-04-29,7885,99 RANCH #1776,Merchandise,101.76,
2023-04-28,2023-04-29,7885,TST* TASTEA - SACRAMEN,Dining,13.25,
2023-04-27,2023-04-29,7885,CHARLEYS PHILLY STEAKS,Dining,18.72,
2023-04-26,2023-04-27,7885,CHATGPT SUBSCRIPTION,Merchandise,20.00,
2023-04-24,2023-04-26,7885,OTO S MARKETPLACE,Merchandise,84.13,
2023-04-24,2023-04-24,7885,UBER ONE STATEMENT CREDIT,Payment/Credit,,9.99
2023-04-23,2023-04-24,7885,KFC/AW #161,Dining,14.54,
2023-04-23,2023-04-24,7885,FASTRAK CSC,Gas/Automotive,25.00,
2023-04-22,2023-04-24,7885,HAN IL KWAN,Dining,310.00,
2023-04-21,2023-04-24,7885,HAPPY LAMB HOT POT,Dining,83.83,
2023-04-22,2023-04-22,7885,CAPITAL ONE MOBILE PYMT,Payment/Credit,,979.17
2023-04-22,2023-04-22,7885,Amazon Prime*HV0092US1,Other Services,8.15,
2023-04-18,2023-04-18,7885,CAPITAL ONE MOBILE PYMT,Payment/Credit,,356.13
2023-04-16,2023-04-17,7885,TASTE OF ORIGINAL,Dining,91.14,
2023-04-15,2023-04-17,7885,SA RANG BANG.,Dining,86.19,
2023-04-16,2023-04-17,7885,AKEBONO,Dining,29.64,
2023-04-16,2023-04-17,7885,KRISPY KREME #1280,Dining,13.36,
2023-04-14,2023-04-17,7885,NEWSPICKS,Merchandise,13.94,
2023-04-14,2023-04-17,7885,PETRA GREEK,Dining,50.10,
2023-04-14,2023-04-17,7885,SAFEWAY #2684,Merchandise,5.99,
2023-04-14,2023-04-15,7885,TST* HARLOW'S,Dining,40.00,
2023-04-13,2023-04-15,7885,IN N OUT BURGER 276,Dining,20.36,
2023-04-14,2023-04-14,7885,UBER   TRIP,Other Travel,16.87,
2023-04-13,2023-04-14,7885,TARGET        00024927,Merchandise,6.29,
2023-04-12,2023-04-13,7885,AMK CSU SACST GRUMPY M,Dining,4.19,
2023-04-11,2023-04-12,7885,AMK CSU SACST GRUMPY M,Dining,3.89,
2023-04-11,2023-04-12,7885,TARGET        00024927,Merchandise,2.19,
2023-04-10,2023-04-11,7885,LIFE STORAGE 0613,Other Travel,45.65,
2023-04-09,2023-04-10,7885,ASI AQUATIC CENTER,Other,18.75,
2023-04-08,2023-04-10,7885,99 RANCH #1776,Merchandise,132.24,
2023-04-08,2023-04-10,7885,SQ *SALT & STRAW,Dining,22.55,
2023-04-08,2023-04-08,7885,CAPITAL ONE ONLINE PYMT,Payment/Credit,,726.41
2023-04-07,2023-04-08,7885,MCDONALD'S F12828,Dining,6.46,
2023-04-07,2023-04-08,7885,MCDONALD'S F12828,Dining,17.52,
2023-04-08,2023-04-08,7885,CENTURY THEATRES 1137,Entertainment,6.50,
2023-04-08,2023-04-08,7885,CENTURY THEATRES 1137,Entertainment,42.00,
2023-04-08,2023-04-08,7885,CENTURY THEATRES 1137,Dining,7.80,
2023-04-01,2023-04-03,7885,JOLLIBEE SACRAMENTO,Dining,44.86,
2023-04-02,2023-04-03,7885,UBER   PASS,Other Travel,9.99,
2023-04-01,2023-04-01,7885,CHEVRON 0090812,Gas/Automotive,62.56,
2023-03-28,2023-03-29,7885,BEST BUY      00001339,Merchandise,,543.74
2023-03-24,2023-03-27,7885,PHILIPPE GOSSELIN ET A,Gas/Automotive,43.95,
2023-03-26,2023-03-27,7885,CHATGPT SUBSCRIPTION,Merchandise,20.00,
2023-03-25,2023-03-27,7885,AIR CAN* 00144241595791,Airfare,30.11,
2023-03-24,2023-03-27,7885,PETROCAN,Gas/Automotive,37.50,
2023-03-24,2023-03-27,7885,TIM HORTONS #2298,Dining,33.59,
2023-03-24,2023-03-25,7885,STARBUCKS 04082,Dining,15.99,
2023-03-24,2023-03-25,7885,STARBUCKS 04082,Dining,4.01,
2023-03-23,2023-03-25,7885,BIRRA & BASTA,Dining,121.27,
2023-03-25,2023-03-25,7885,TICKETPROCA,Entertainment,74.72,
2023-03-24,2023-03-25,7885,LE PETIT DEP ST PAUL,Merchandise,33.87,
2023-03-23,2023-03-25,7885,PASSPORT PARKING SPAQ,Gas/Automotive,8.95,
2023-03-24,2023-03-25,7885,PARC INDIGO - NO CMO01,Gas/Automotive,18.31,
2023-03-24,2023-03-25,7885,PARC OMEGA,Entertainment,46.16,
2023-03-24,2023-03-25,7885,RESTAURANT LA BANQUISE,Dining,39.23,
2023-03-23,2023-03-24,7885,TIM HORTONS #2298,Dining,21.29,
2023-03-23,2023-03-24,7885,LES ENTREPRISES DE STO,Entertainment,10.23,
2023-03-23,2023-03-24,7885,LES ENTREPRISES DE STO,Entertainment,16.88,
2023-03-23,2023-03-24,7885,BOUTIQUE SPORTS ALPINS,Entertainment,29.52,
2023-03-23,2023-03-24,7885,BOUTIQUE SPORTS ALPINS,Entertainment,159.23,
2023-03-23,2023-03-24,7885,BOUTIQUE SPORTS ALPINS,Entertainment,167.95,
2023-03-23,2023-03-23,7885,UBER ONE STATEMENT CREDIT,Payment/Credit,,9.99
2023-03-22,2023-03-23,7885,RESTAURANT LAURIE RAPH,Dining,669.74,
2023-03-22,2023-03-23,7885,RESTAURANT L'HORIZON,Dining,54.28,
2023-03-21,2023-03-23,7885,LA MAISON SMITH ST-JEA,Dining,24.77,
2023-03-22,2023-03-23,7885,COUCHE-TARD #586,Gas/Automotive,43.82,
2023-03-22,2023-03-23,7885,SHELL C05667,Gas/Automotive,6.68,
2023-03-22,2023-03-23,7885,TIM HORTONS #2724,Dining,12.23,
2023-03-22,2023-03-23,7885,UBER* TRIP,Other Travel,12.00,
2023-03-21,2023-03-22,7885,AIR CAN   0144241226519,Airfare,30.00,
2023-03-21,2023-03-22,7885,CASSE CREPE BRETON,Dining,58.69,
2023-03-21,2023-03-22,7885,SEPAQ AQUARIUM DU QUEB,Entertainment,55.59,
2023-03-21,2023-03-22,7885,SEPAQ AQUARIUM DU QUEB,Entertainment,13.45,
2023-03-21,2023-03-22,7885,UBER CANADA/UBERTRIP,Other Travel,20.35,
2023-03-21,2023-03-22,7885,UBER CANADA/UBERTRIP,Other Travel,22.09,
2023-03-21,2023-03-22,7885,BUCHE CUISINE QUEBECOI,Dining,163.80,
2023-03-22,2023-03-22,7885,Amazon Prime*H72VK3FO1,Other Services,8.15,
2023-03-21,2023-03-22,7885,DOORDASH*VOTRE POUTINE,Dining,66.02,
2023-03-21,2023-03-22,7885,UBER* TRIP,Other Travel,20.93,
2023-03-21,2023-03-22,7885,UBER* TRIP,Other Travel,19.95,
2023-03-21,2023-03-22,7885,TABAGIE DU QUARTIER LA,Merchandise,160.58,
2023-03-20,2023-03-21,7885,SUNSETNEWSST2620,Merchandise,5.19,
2023-03-19,2023-03-20,7885,CAPITAL ONE ONLINE PYMT,Payment/Credit,,466.62
2023-03-18,2023-03-20,7885,SQ *ONIT COFFEE,Dining,15.38,
2023-03-13,2023-03-14,7885,BEST BUY      00001339,Merchandise,543.74,
2023-03-11,2023-03-13,7885,SQ *YUME GELATO,Merchandise,6.47,
2023-03-10,2023-03-11,7885,BRISTOL WEST INSURANCE,Insurance,25.00,
2023-03-07,2023-03-09,7885,Returned ACH Card Payment,Other,671.39,
2023-03-08,2023-03-09,7885,TARGET        00024927,Merchandise,6.29,
2023-03-07,2023-03-08,7885,Amazon.com*H52OH7MA2,Merchandise,9.78,
2023-03-07,2023-03-07,7885,CAPITAL ONE AUTOPAY PYMT,Payment/Credit,,671.39
2023-03-07,2023-03-07,7885,CAPITAL ONE MOBILE PYMT,Payment/Credit,,370.98
2023-03-03,2023-03-06,7885,TACO BELL 17468,Dining,5.93,
2023-03-02,2023-03-03,7885,UBER   PASS,Other Travel,9.99,
2023-03-01,2023-03-02,7885,SQ *18 GRAMS COFFEE RO,Dining,26.99,
2023-02-27,2023-02-28,7885,TARGET        00024927,Merchandise,5.09,
2023-02-24,2023-02-27,7885,LA MICHOACANA PLUS SAC,Dining,30.00,
2023-02-26,2023-02-27,7885,SQ *18 GRAMS COFFEE RO,Dining,12.20,
2023-02-25,2023-02-27,7885,MITSUWA MRKTPLACE SJ,Merchandise,58.01,
2023-02-25,2023-02-27,7885,KOI PALACE RESTAURANT,Dining,188.63,
2023-02-25,2023-02-27,7885,MUNCHO BOBA PUP,Dining,16.46,
2023-02-25,2023-02-27,7885,CAFE MEI.,Dining,16.26,
2023-02-25,2023-02-27,7885,SQ *ANSON TRADING CO.&,Merchandise,9.84,
2023-02-24,2023-02-27,7885,STARBUCKS 800-782-7282,Dining,10.00,
2023-02-24,2023-02-25,7885,PANDA EXPRESS #1894,Dining,8.48,
2023-02-24,2023-02-25,7885,KP INTERNATIONAL MARKE,Merchandise,187.63,
2023-02-22,2023-02-23,7885,AMK CSU SACST SBUCKS U,Dining,5.25,
2023-02-22,2023-02-23,7885,CSUSAC,Other,49.27,
2023-02-21,2023-02-23,7885,THE HOME DEPOT #6620,Merchandise,3.77,
2023-02-22,2023-02-22,7885,Amazon Prime*HP0Z75RA0,Other Services,8.15,
2023-02-21,2023-02-22,7885,RAISING CANES 0552,Dining,28.22,
2023-02-21,2023-02-21,7885,CAPITAL ONE MOBILE PYMT,Payment/Credit,,58.44
2023-02-21,2023-02-21,7885,CHEVRON 0205716,Gas/Automotive,60.00,
2023-02-20,2023-02-21,7885,CSU SAC PARKING MACHIN,Other,8.35,
2023-02-20,2023-02-21,7885,76 - GAWFCO,Gas/Automotive,10.01,
2023-02-19,2023-02-21,7885,AMK CSU SACST SBUCKS U,Dining,10.50,
2023-02-18,2023-02-20,7885,TASTY POT,Dining,73.54,
2023-02-17,2023-02-20,7885,TACO BELL 17468,Dining,5.93,
2023-02-17,2023-02-17,7885,CAPITAL ONE MOBILE PYMT,Payment/Credit,,869.56
2023-02-15,2023-02-16,7885,CSU SAC PARKING MACHIN,Other,4.35,
2023-02-15,2023-02-16,7885,FASTRAK CSC,Gas/Automotive,25.00,
2023-02-15,2023-02-16,7885,FASTRAK CSC,Gas/Automotive,13.54,
2023-02-14,2023-02-15,7885,HARLOW'S,Entertainment,70.45,
2023-02-14,2023-02-15,7885,TapPay,Merchandise,32.60,
2023-02-12,2023-02-14,7885,DOLLAR GENERAL #17096,Merchandise,3.50,
2023-02-12,2023-02-13,7885,76 - GAWFCO,Gas/Automotive,10.04,
2023-02-11,2023-02-13,7885,99 RANCH #1776,Merchandise,5.24,
2023-02-11,2023-02-13,7885,99 RANCH #1776,Merchandise,0.60,
2023-02-11,2023-02-13,7885,99 RANCH #1776,Merchandise,9.10,
2023-02-11,2023-02-13,7885,SQ *18 GRAMS COFFEE RO,Dining,19.40,
2023-02-10,2023-02-11,7885,CSU SAC PARKING MACHIN,Other,4.35,
2023-02-09,2023-02-10,7885,TOP CHOICE RESTAURANT,Dining,49.49,
2023-02-09,2023-02-10,7885,CSU SAC PARKING MACHIN,Other,4.35,
2023-02-07,2023-02-07,7885,CAPITAL ONE MOBILE PYMT,Payment/Credit,,131.43
2023-02-07,2023-02-07,7885,GOOGLE *LINE Corp,Phone/Cable,0.99,
2023-02-06,2023-02-06,7885,CAPITAL ONE MOBILE PYMT,Payment/Credit,,25.00
2023-02-05,2023-02-06,7885,CAPITAL ONE MOBILE PYMT,Payment/Credit,,266.11
2023-02-05,2023-02-06,7885,IKEA WEST SACRAMENTO,Merchandise,96.08,
2023-02-05,2023-02-06,7885,GONG CHA - SF,Dining,5.75,
2023-02-04,2023-02-06,7885,SHELL OIL 10007865008,Gas/Automotive,4.37,
2023-02-05,2023-02-06,7885,SQ *18 GRAMS COFFEE RO,Dining,6.00,
2023-02-05,2023-02-06,7885,SQ *IPPUDO SAN FRANCIS,Merchandise,170.54,
2023-02-04,2023-02-06,7885,PETCO 1343    63513436,Merchandise,14.12,
2023-02-04,2023-02-04,7885,SQ *TEABO CAFE',Dining,5.36,
2023-02-03,2023-02-04,7885,CHEVRON 0203186,Gas/Automotive,60.00,
2023-02-03,2023-02-04,7885,UBER   PASS,Other Travel,9.99,
2023-02-02,2023-02-03,7885,AMK CSU SACST SBUCKS R,Dining,5.25,
2023-01-31,2023-02-03,7885,TANUKI IZAKAYA,Dining,100.73,
2023-01-19,2023-02-02,7885,CK Camera,Merchandise,397.88,
2023-02-01,2023-02-02,7885,TARGET        00024927,Merchandise,32.61,
2023-01-31,2023-02-01,7885,TARGET        00024927,Merchandise,20.85,
2023-01-30,2023-02-01,7885,THE HOME DEPOT #6620,Merchandise,3.77,
2023-01-31,2023-02-01,7885,Amazon.com*J73EF43Q3,Merchandise,10.88,
2023-01-31,2023-02-01,7885,SQ *BOBER TEA & MOCHI,Dining,5.10,
2023-01-31,2023-02-01,7885,Subway 5472,Dining,7.70,
2023-01-29,2023-01-31,7885,IN N OUT BURGER 276,Dining,14.92,
2023-01-30,2023-01-30,7885,CAPITAL ONE MOBILE PYMT,Payment/Credit,,774.60
2023-01-29,2023-01-30,7885,LAX UNIVISION,Merchandise,5.09,
2023-01-29,2023-01-30,7885,SQ *JERSEY MIKE'S,Dining,15.55,
2023-01-29,2023-01-30,7885,DELTA     00642527909881,Airfare,30.00,
2023-01-29,2023-01-30,7885,I-MEI,Merchandise,16.56,
2023-01-20,2023-01-25,7885,ESLITE,Merchandise,66.00,
2023-01-23,2023-01-24,7885,NEWEB-Miscellaneou,Merchandise,224.58,
2023-01-22,2023-01-23,7885,Amazon Prime*FI5E30PI3,Other Services,8.15,
2023-01-20,2023-01-21,7885,BREEZE CENTER,Dining,39.14,
2023-01-18,2023-01-19,7885,JR YAN 18214,Merchandise,18.18,
2023-01-18,2023-01-19,7885,chinhuajiao,Dining,158.93,
2023-01-15,2023-01-16,7885,CAPITAL ONE MOBILE PYMT,Payment/Credit,,325.00
2023-01-15,2023-01-16,7885,MI LU HSIAO CHANG YU,Dining,57.10,
2023-01-10,2023-01-10,7885,CAPITAL ONE MOBILE PYMT,Payment/Credit,,465.97
2023-01-07,2023-01-09,7885,50% Fifty Percent,Merchandise,105.43,
2023-01-07,2023-01-07,7885,CAPITAL ONE AUTOPAY PYMT,Payment/Credit,,130.49
2023-01-04,2023-01-06,7885,Hej Hotel Taipei,Lodging,130.50,
2023-01-04,2023-01-06,7885,WATSONS-S0031,Merchandise,33.51,
2023-01-04,2023-01-06,7885,HSING FU NI,Dining,88.93,
2023-01-02,2023-01-04,7885,UMAMI BURGER TBIT LAX,Dining,9.63,
2023-01-03,2023-01-03,7885,SHARETEA FV,Dining,20.73,
2023-01-02,2023-01-03,7885,HUDSONNEWS  ST1247,Merchandise,14.48,
2023-01-02,2023-01-03,7885,TST* Kin Craft Ramen,Dining,60.46,
2022-12-31,2023-01-03,7885,HIRONORI CRAFT RAMEN O,Dining,73.54,
2022-12-31,2023-01-02,7885,TOTAL WINE AND MORE,Merchandise,46.32,
2022-12-31,2023-01-02,7885,SEES CANDY 0191,Merchandise,1.25,
2022-12-31,2023-01-02,7885,SEES CANDY 0191,Merchandise,52.50,
2022-12-31,2023-01-02,7885,CKE*PHIN SMITH GARDEN,Dining,5.44,

